"Time_Iter","Outer_Iter","Inner_Iter",    "rms[Rho]"    ,    "rms[RhoU]"   ,    "rms[RhoV]"   ,    "rms[RhoW]"   ,    "rms[RhoE]"   ,     "rms[nu]"    
          0,           0,           0,      -4.455922249,      -9.281194892,        -10.072253,      -10.04715678,      -3.848756209,      -11.49764218
          0,           0,           1,      -4.886866723,      -4.823353615,       -5.33887306,      -4.562393227,      -4.260651773,      -11.53430593
          0,           0,           2,      -4.925401534,       -4.78749771,      -5.111020862,      -4.830996647,      -4.309505136,      -11.33184349
          0,           0,           3,      -5.011060822,      -4.845287313,       -5.01811056,       -4.85345945,      -4.416638277,        -11.485816
          0,           0,           4,      -5.009563574,      -4.859863202,      -4.982321052,      -4.828784444,      -4.416819879,       -11.4944875
          0,           0,           5,      -5.012890502,      -4.857635044,      -4.962260231,      -4.808482671,      -4.416051096,      -11.48625632
          0,           0,           6,      -5.036812636,      -4.860736748,      -4.940288296,      -4.804341672,      -4.439043709,      -11.48664989
          0,           0,           7,      -5.064661891,      -4.864984527,      -4.918912451,      -4.815120092,      -4.466395461,       -11.4779884
          0,           0,           8,       -5.07880447,      -4.864363626,      -4.906835346,      -4.830271156,      -4.476724621,      -11.45759629
          0,           0,           9,      -5.080474921,      -4.863151036,      -4.905793375,      -4.841386098,       -4.47233156,      -11.42904037
          0,           0,          10,      -5.080826766,      -4.866860869,      -4.911642508,      -4.848162227,      -4.467447146,      -11.39172266
          0,           0,          11,      -5.086113012,      -4.876794775,       -4.91959818,      -4.854913049,      -4.469381517,      -11.34185514
          0,           0,          12,      -5.096407814,      -4.891902954,      -4.927562361,      -4.865156426,      -4.477984576,      -11.27568255
          0,           0,          13,      -5.109388301,      -4.911162232,       -4.93607606,      -4.879952043,      -4.490544199,      -11.19382779
          0,           0,          14,      -5.123065353,      -4.933916842,       -4.94650526,      -4.898536764,      -4.504557096,      -11.10002874
          0,           0,          15,       -5.13601654,       -4.95931943,      -4.959712776,      -4.919259376,       -4.51791233,      -11.00175546
          0,           0,          16,      -5.148750925,      -4.986396513,        -4.9759639,      -4.940463023,      -4.530491088,      -10.90783831
          0,           0,          17,      -5.162961066,      -5.014520621,       -4.99514787,      -4.961144149,      -4.543865163,      -10.82014058
          0,           0,          18,      -5.178495803,      -5.043693181,      -5.016916996,      -4.981200341,      -4.558423008,      -10.73266105
          0,           0,          19,      -5.195892444,       -5.07442578,      -5.040804807,      -5.001181892,      -4.575284466,      -10.64339327
          0,           0,          20,      -5.215075352,      -5.107145565,      -5.066306229,      -5.021876414,      -4.594714549,      -10.55418065
          0,           0,          21,      -5.234986377,      -5.141946245,      -5.092866234,      -5.043885012,      -4.615699511,       -10.4613608
          0,           0,          22,      -5.253580549,      -5.178748561,      -5.119890161,      -5.067493243,       -4.63598833,      -10.36863562
          0,           0,          23,      -5.269684632,      -5.217090806,       -5.14685418,      -5.092709104,      -4.653994462,      -10.27874422
          0,           0,          24,       -5.28353556,      -5.256249757,      -5.173486953,       -5.11941848,      -4.669410198,      -10.19519963
          0,           0,          25,      -5.295932642,      -5.295298036,      -5.199800754,      -5.147440084,      -4.682665017,      -10.12133528
          0,           0,          26,      -5.307700526,      -5.333722141,      -5.226000443,      -5.176669603,      -4.694575897,      -10.05569385
          0,           0,          27,      -5.321079526,      -5.371764149,       -5.25241621,      -5.207111924,      -4.707654779,      -10.00136331
          0,           0,          28,       -5.33747216,      -5.409438854,      -5.279442568,        -5.2388678,      -4.723612394,      -9.953285917
          0,           0,          29,      -5.357265533,      -5.447153043,      -5.307503157,       -5.27213232,      -4.743053066,      -9.914275778
          0,           0,          30,      -5.381368502,      -5.484612222,      -5.337007755,      -5.307148908,      -4.766910368,       -9.88335516
          0,           0,          31,        -5.4090827,      -5.522028989,      -5.368335352,      -5.344199339,      -4.794449541,      -9.859388811
          0,           0,          32,      -5.439062277,      -5.559134025,      -5.401756411,      -5.383589871,      -4.824291128,      -9.841201354
          0,           0,          33,      -5.472301247,      -5.594976757,      -5.437386381,       -5.42552022,      -4.857393102,      -9.826194919
          0,           0,          34,      -5.509162703,      -5.630117879,      -5.475192621,       -5.47019888,      -4.894223978,      -9.817324252
          0,           0,          35,      -5.549258971,      -5.664353991,      -5.515019045,      -5.517691643,      -4.934421174,      -9.810667792
          0,           0,          36,      -5.592467502,      -5.697399197,      -5.556636219,       -5.56789856,      -4.977892069,      -9.805070084
          0,           0,          37,      -5.637842465,      -5.730996032,      -5.599738642,      -5.620688852,      -5.023811058,      -9.800733179
          0,           0,          38,      -5.683931818,      -5.764202928,      -5.643936973,      -5.675719706,      -5.070804216,      -9.795500634
          0,           0,          39,      -5.728447757,      -5.795800122,      -5.688808133,       -5.73246448,      -5.116568466,      -9.789251992
          0,           0,          40,      -5.769660525,      -5.825145535,      -5.733942495,      -5.790210495,      -5.159241853,      -9.780475497
          0,           0,          41,      -5.806304287,       -5.85118955,      -5.779004748,      -5.848151079,      -5.197359594,      -9.769053518
          0,           0,          42,        -5.8379264,      -5.874392846,      -5.823772519,      -5.905456815,      -5.230230514,      -9.754916347
          0,           0,          43,      -5.865112113,      -5.894105025,      -5.868113804,      -5.961340233,      -5.258240811,      -9.738238532
          0,           0,          44,      -5.889179318,      -5.910368072,      -5.911933186,      -6.015171589,      -5.282624482,      -9.717271822
          0,           0,          45,      -5.911842291,       -5.92395168,      -5.955124588,      -6.066532151,      -5.305163124,      -9.698371683
          0,           0,          46,      -5.934611229,      -5.935085349,      -5.997527191,      -6.115138748,      -5.327533904,      -9.676478382
          0,           0,          47,       -5.95807472,      -5.945281247,      -6.038906626,      -6.160754849,      -5.350518661,      -9.653998248
          0,           0,          48,      -5.982046371,      -5.953354752,      -6.078937687,      -6.203014443,      -5.374085261,      -9.631442901
          0,           0,          49,      -6.004862193,       -5.95973778,      -6.117233904,       -6.24115067,      -5.396694588,      -9.609243245
          0,           0,          50,       -6.02370301,      -5.964541068,      -6.153364298,      -6.274333431,      -5.415552773,      -9.587868096
          0,           0,          51,      -6.034846008,      -5.967871441,      -6.186900145,      -6.301364432,      -5.426794098,      -9.567645756
          0,           0,          52,      -6.034711139,      -5.970168124,      -6.217471171,      -6.321789096,      -5.426535337,      -9.548839829
          0,           0,          53,      -6.022564262,      -5.971904104,      -6.244691964,      -6.335494203,       -5.41387612,      -9.531529733
          0,           0,          54,      -6.003918143,      -5.973151352,      -6.268039622,       -6.34242412,      -5.394274302,      -9.516123811
          0,           0,          55,      -5.981918128,      -5.975200183,      -6.287323018,       -6.34445167,       -5.37107085,      -9.502433434
          0,           0,          56,      -5.956684014,      -5.977958017,      -6.302408561,      -6.343099613,      -5.344564363,      -9.490545233
          0,           0,          57,      -5.934705357,      -5.981746739,      -6.312840262,       -6.33843965,      -5.321213563,      -9.480385345
          0,           0,          58,      -5.914298898,      -5.986776153,      -6.319118945,      -6.332050606,      -5.299578124,      -9.471857737
          0,           0,          59,      -5.897412612,      -5.992794421,      -6.321301818,      -6.323864162,      -5.281525188,      -9.464847617
          0,           0,          60,      -5.886748819,      -5.998801689,        -6.3198649,      -6.315141598,      -5.269764844,      -9.459215897
          0,           0,          61,      -5.882653663,      -6.004719423,      -6.315448887,      -6.306019331,      -5.264690387,      -9.454829727
          0,           0,          62,      -5.882884327,      -6.011720707,      -6.309040138,      -6.296748746,      -5.264120252,      -9.451409984
          0,           0,          63,      -5.886458644,      -6.019430075,      -6.301425282,      -6.287218462,      -5.266984582,      -9.449225929
          0,           0,          64,      -5.892066363,      -6.026481037,      -6.293178726,      -6.277569788,      -5.271947099,      -9.447743086
          0,           0,          65,      -5.900499736,      -6.032113827,      -6.284727089,      -6.267992439,      -5.279737868,      -9.446880341
          0,           0,          66,      -5.912872984,      -6.036256932,      -6.276482816,      -6.259162867,      -5.291459811,      -9.446470876
          0,           0,          67,      -5.927463243,      -6.041218465,      -6.269029052,      -6.251662319,      -5.305498882,      -9.446418368
          0,           0,          68,      -5.944166334,      -6.045288496,      -6.262425648,       -6.24512181,      -5.321752834,      -9.446600079
          0,           0,          69,      -5.963012559,      -6.048724992,      -6.256846509,       -6.23958736,       -5.34021719,      -9.446916071
          0,           0,          70,       -5.98372277,      -6.051869575,      -6.252485964,      -6.235187117,      -5.360635797,      -9.447270345
          0,           0,          71,      -6.006595629,      -6.054889391,      -6.249408745,      -6.232331891,      -5.383325363,      -9.447624836
          0,           0,          72,      -6.030280714,      -6.058187864,      -6.247690666,       -6.23088557,      -5.406981301,      -9.447842117
          0,           0,          73,      -6.052519431,      -6.061402964,      -6.247306502,      -6.230385936,       -5.42930046,       -9.44789218
          0,           0,          74,      -6.072739419,      -6.064394888,      -6.248063078,      -6.230753578,      -5.449633641,      -9.447867299
          0,           0,          75,      -6.090305639,      -6.067170103,      -6.249880111,      -6.231828515,      -5.467301967,      -9.447630326
          0,           0,          76,      -6.104707681,      -6.069843837,      -6.252658538,      -6.233205144,       -5.48176261,      -9.447355245
          0,           0,          77,      -6.118799883,      -6.072473147,      -6.256286751,      -6.234961625,      -5.495753459,      -9.446944225
          0,           0,          78,      -6.128886903,      -6.075397526,      -6.260769879,      -6.237459035,      -5.505877412,      -9.446517391
          0,           0,          79,      -6.135221043,      -6.078570252,      -6.265946062,      -6.240448764,      -5.512273476,      -9.446138978
          0,           0,          80,      -6.140016406,      -6.081863576,       -6.27168961,      -6.243980023,      -5.517062486,      -9.445851532
          0,           0,          81,      -6.142627119,      -6.085591676,      -6.277941082,      -6.248133128,      -5.519720971,      -9.445674006
          0,           0,          82,      -6.142987693,      -6.089674796,      -6.284609078,      -6.252374856,       -5.52020955,      -9.445665583
          0,           0,          83,      -6.142044183,      -6.094045854,      -6.291592435,      -6.256589444,      -5.519389698,      -9.445840132
          0,           0,          84,      -6.140450721,      -6.098541459,      -6.298811379,       -6.26079563,      -5.517839165,      -9.446208784
          0,           0,          85,      -6.143635079,      -6.103099012,      -6.306179522,      -6.265706106,      -5.520822153,      -9.446771596
          0,           0,          86,      -6.145394583,      -6.108534671,      -6.313893856,      -6.270889923,      -5.522579333,      -9.447530957
          0,           0,          87,      -6.146344063,      -6.114280328,      -6.321719207,      -6.275947104,      -5.523527421,      -9.448566955
          0,           0,          88,      -6.147131461,      -6.120037339,      -6.329503616,      -6.280704208,      -5.524230288,      -9.449749966
          0,           0,          89,      -6.149153885,      -6.125834085,      -6.337186249,      -6.285341805,      -5.526039373,      -9.451131164
          0,           0,          90,        -6.1525264,      -6.131796974,      -6.344821592,      -6.290014309,      -5.529128085,      -9.452614034
          0,           0,          91,      -6.157376608,      -6.137982446,       -6.35237946,       -6.29477727,      -5.533690894,      -9.454260466
          0,           0,          92,      -6.164196464,      -6.144554997,      -6.359870342,      -6.299645538,      -5.540183899,      -9.456060345
          0,           0,          93,       -6.17444109,      -6.151213052,      -6.367313248,      -6.304728659,        -5.5500572,      -9.457995265
          0,           0,          94,      -6.186959155,      -6.158385513,      -6.374790607,      -6.310522504,      -5.562299788,      -9.460048941
          0,           0,          95,      -6.199822651,      -6.166043737,      -6.382308031,      -6.316582622,      -5.575014441,      -9.462194777
          0,           0,          96,       -6.21387233,       -6.17402116,      -6.389845041,      -6.322548787,      -5.588904725,      -9.464387948
          0,           0,          97,      -6.230198528,      -6.181939641,      -6.397467654,      -6.328465334,      -5.604957611,      -9.466575337
          0,           0,          98,      -6.246315359,       -6.18996132,      -6.405328676,      -6.334595822,      -5.620877645,      -9.468749756
          0,           0,          99,      -6.262209977,      -6.197947909,      -6.413377008,      -6.341029483,      -5.636589197,      -9.470859557
          0,           0,         100,      -6.278035544,      -6.205714516,      -6.421562451,      -6.347564887,      -5.652217377,      -9.472897662
          0,           0,         101,      -6.293625715,      -6.213459695,      -6.429898918,      -6.354432486,      -5.667626203,      -9.475060605
          0,           0,         102,      -6.309291255,      -6.221156509,      -6.438341061,      -6.361701988,       -5.68314439,      -9.476903278
          0,           0,         103,       -6.32422452,      -6.228859573,       -6.44690699,      -6.369145535,       -5.69797889,      -9.478698803
          0,           0,         104,      -6.338319598,      -6.236439888,      -6.455548551,        -6.3766614,      -5.711993647,      -9.480316725
          0,           0,         105,       -6.35173359,      -6.243801751,      -6.464248362,       -6.38426237,      -5.725310556,       -9.48181637
          0,           0,         106,      -6.364483753,      -6.250957855,      -6.472974576,      -6.392076847,      -5.737969592,      -9.483238111
          0,           0,         107,       -6.37734265,       -6.25788333,      -6.481698358,      -6.400046508,      -5.750742074,      -9.484589172
          0,           0,         108,      -6.389090993,      -6.264640827,      -6.490404014,      -6.408182058,      -5.762502287,      -9.485871353
          0,           0,         109,      -6.399343769,      -6.271307097,      -6.499050923,      -6.416438912,      -5.772835454,      -9.487115938
          0,           0,         110,       -6.40770099,      -6.277901582,      -6.507626657,      -6.424624773,       -5.78129087,      -9.488427963
          0,           0,         111,      -6.414418135,      -6.284181438,      -6.516031639,      -6.432718775,      -5.788153471,      -9.489572876
          0,           0,         112,      -6.419426002,      -6.290100499,      -6.524211049,       -6.44061114,      -5.793350771,      -9.490666404
          0,           0,         113,      -6.423717778,      -6.295812795,      -6.532182031,      -6.448296525,      -5.797812285,      -9.491733082
          0,           0,         114,      -6.427675828,      -6.301387458,      -6.539915183,      -6.455707384,      -5.801885696,      -9.492797249
          0,           0,         115,      -6.431757745,      -6.306830174,      -6.547393488,      -6.462931488,      -5.806016147,      -9.493852242
          0,           0,         116,      -6.436023918,      -6.312166163,       -6.55460031,      -6.469858746,      -5.810310903,      -9.494921325
          0,           0,         117,      -6.440907893,      -6.317363238,      -6.561514569,       -6.47645409,      -5.815186483,      -9.496038074
          0,           0,         118,       -6.45318479,      -6.322571619,      -6.568092786,      -6.483308925,      -5.827207898,      -9.497207059
          0,           0,         119,       -6.46265199,      -6.328293328,      -6.574556864,      -6.490114287,      -5.836800274,      -9.498452424
          0,           0,         120,      -6.470417125,      -6.333861876,      -6.580734036,       -6.49638507,      -5.844711508,      -9.499797973
          0,           0,         121,      -6.478386039,      -6.339153299,      -6.586568149,      -6.502394073,      -5.852700104,      -9.501266651
          0,           0,         122,      -6.485789884,      -6.344197974,       -6.59207404,      -6.507907774,      -5.860092335,      -9.502849688
          0,           0,         123,      -6.493775218,      -6.349059046,      -6.597240296,      -6.512958086,      -5.867994039,      -9.504547453
          0,           0,         124,      -6.501811168,      -6.353831039,      -6.602142136,      -6.517727269,      -5.875914461,      -9.506379746
          0,           0,         125,      -6.510239943,      -6.358447812,      -6.606789222,      -6.522409588,      -5.884222249,      -9.508343308
          0,           0,         126,      -6.518761751,      -6.362822014,      -6.611241368,      -6.526848178,       -5.89261417,      -9.510427152
          0,           0,         127,      -6.527138478,      -6.367019365,      -6.615555626,      -6.531070662,      -5.900883995,      -9.512614622
          0,           0,         128,      -6.535549893,       -6.37111533,      -6.619787659,      -6.535103473,      -5.909212244,       -9.51489351
          0,           0,         129,      -6.544263341,      -6.375049315,      -6.623942991,      -6.538964815,      -5.917819394,      -9.517255632
          0,           0,         130,      -6.553261914,      -6.378970575,      -6.628056708,      -6.543059722,      -5.926713272,      -9.519690475
          0,           0,         131,      -6.562962443,      -6.382995044,      -6.632181879,      -6.547208849,       -5.93632193,      -9.522161451
          0,           0,         132,      -6.573300146,      -6.387096178,      -6.636354635,      -6.551472082,      -5.946585698,      -9.524674401
          0,           0,         133,      -6.584234401,      -6.391235345,      -6.640603171,      -6.555822847,       -5.95746875,      -9.527211486
          0,           0,         134,      -6.594062021,      -6.395304638,      -6.644962255,      -6.560207437,       -5.96733472,      -9.529767776
          0,           0,         135,      -6.608508773,      -6.399222096,      -6.649393756,      -6.564662756,      -5.981516374,      -9.532326141
          0,           0,         136,      -6.623495708,      -6.403188052,      -6.654057235,      -6.569420005,      -5.996360248,      -9.534840648
          0,           0,         137,      -6.635343893,      -6.407124457,      -6.658930136,      -6.574477331,      -6.008284089,      -9.537340591
          0,           0,         138,      -6.645507959,      -6.411029662,      -6.663862354,      -6.579585824,      -6.018521742,      -9.539792343
          0,           0,         139,      -6.653776991,      -6.414775363,      -6.668831133,      -6.584633337,      -6.026823674,      -9.542198012
          0,           0,         140,      -6.660805693,      -6.418367494,      -6.673824908,      -6.589633839,      -6.033832771,       -9.54458481
          0,           0,         141,      -6.667453463,      -6.421856205,       -6.67884489,      -6.594724462,      -6.040412799,      -9.546963704
          0,           0,         142,      -6.673717659,      -6.425368103,      -6.683920633,      -6.600017521,      -6.046610362,      -9.549345476
          0,           0,         143,       -6.68007935,        -6.4289292,      -6.689050465,      -6.605426649,      -6.052952516,      -9.551741647
          0,           0,         144,      -6.686050695,      -6.432557681,      -6.694235898,      -6.610921788,      -6.058979328,      -9.554160426
          0,           0,         145,      -6.691936865,      -6.436155865,      -6.699433206,       -6.61648765,      -6.064940379,      -9.556597513
          0,           0,         146,      -6.697615665,      -6.439748626,      -6.704620517,       -6.62200043,      -6.070715533,      -9.559047889
          0,           0,         147,      -6.702666569,      -6.443271788,      -6.709774668,      -6.627458202,      -6.075841575,      -9.561512058
          0,           0,         148,      -6.707604997,        -6.4466946,      -6.714855469,      -6.632826238,      -6.080780827,      -9.563976095
          0,           0,         149,      -6.712566481,      -6.450049589,      -6.719854079,      -6.638123236,      -6.085690643,      -9.566425727
          0,           0,         150,       -6.71758653,        -6.4533386,      -6.724756424,      -6.643356994,      -6.090648287,      -9.568864038
          0,           0,         151,       -6.72306412,      -6.456564947,      -6.729542767,      -6.648536336,       -6.09604006,      -9.571295862
          0,           0,         152,       -6.72971198,      -6.459776436,      -6.734210181,      -6.653657551,      -6.102553454,      -9.573737251
          0,           0,         153,      -6.739272754,      -6.462961701,      -6.738777133,      -6.658729054,      -6.111867854,      -9.576205796
          0,           0,         154,      -6.750627751,      -6.466230595,      -6.743301467,      -6.663812213,      -6.123032103,      -9.578719095
          0,           0,         155,      -6.760024397,      -6.469593191,      -6.747790435,      -6.668929186,      -6.132452211,      -9.581297208
          0,           0,         156,      -6.768610586,      -6.472885063,      -6.752131483,      -6.673848153,      -6.141025627,      -9.583924446
          0,           0,         157,      -6.777241122,      -6.476108879,       -6.75632649,      -6.678593465,      -6.149560456,       -9.58659066
          0,           0,         158,      -6.785705585,      -6.479314834,       -6.76041117,      -6.683221688,      -6.157915936,      -9.589289598
          0,           0,         159,      -6.794460904,      -6.482514856,      -6.764403744,      -6.687730747,      -6.166540504,      -9.592011957
          0,           0,         160,      -6.803631602,      -6.485723678,      -6.768327703,      -6.692141471,       -6.17556835,       -9.59476477
          0,           0,         161,      -6.813125617,      -6.488946668,      -6.772196663,      -6.696493831,      -6.184921475,      -9.597544313
          0,           0,         162,      -6.823069792,      -6.492204013,      -6.776027042,      -6.700856631,      -6.194737045,      -9.600346738
          0,           0,         163,      -6.833703319,      -6.495484613,      -6.779847351,      -6.705217581,      -6.205240822,      -9.603167611
          0,           0,         164,      -6.845164745,      -6.498777188,       -6.78367205,      -6.709546905,      -6.216562842,      -9.605998875
          0,           0,         165,      -6.857215958,      -6.502077763,      -6.787518759,      -6.713902718,      -6.228486015,      -9.608834541
          0,           0,         166,      -6.868699684,      -6.505379594,      -6.791395046,      -6.718244877,      -6.239910852,      -9.611665744
          0,           0,         167,      -6.879441249,        -6.5086742,       -6.79528978,      -6.722548129,      -6.250622689,        -9.6144864
          0,           0,         168,      -6.889872156,      -6.511962248,      -6.799199002,      -6.726792724,      -6.261003907,      -9.617294502
          0,           0,         169,      -6.900001744,      -6.515238998,      -6.803130421,      -6.731010584,      -6.271073993,      -9.620087236
          0,           0,         170,      -6.910266951,      -6.518506644,      -6.807090456,      -6.735226782,      -6.281262229,      -9.622865557
          0,           0,         171,      -6.920246059,      -6.521752558,      -6.811088465,      -6.739469183,      -6.291187429,      -9.625623623
          0,           0,         172,      -6.929267803,      -6.525031931,      -6.815137397,      -6.743775137,      -6.300210812,       -9.62835572
          0,           0,         173,      -6.937538763,      -6.528335098,      -6.819225378,      -6.748112203,      -6.308523996,      -9.631053442
          0,           0,         174,      -6.945083574,      -6.531646818,       -6.82333736,      -6.752629724,      -6.316121271,      -9.633710071
          0,           0,         175,      -6.951550739,      -6.534968066,      -6.827469422,      -6.757136927,      -6.322644555,      -9.636320591
          0,           0,         176,      -6.957294274,      -6.538293023,      -6.831611907,      -6.761580872,      -6.328442299,      -9.638883314
          0,           0,         177,      -6.962595851,      -6.541619649,      -6.835762929,      -6.766010664,        -6.3337595,      -9.641400934
          0,           0,         178,      -6.967503503,      -6.544943446,      -6.839924896,      -6.770490944,      -6.338641031,      -9.643879642
          0,           0,         179,      -6.972435102,      -6.548272308,      -6.844104791,      -6.775010103,       -6.34354262,      -9.646316389
          0,           0,         180,      -6.977362567,       -6.55160316,       -6.84829246,      -6.779566762,      -6.348416606,      -9.648722852
          0,           0,         181,      -6.982647843,      -6.554959165,      -6.852483227,      -6.784187136,       -6.35362722,      -9.651104164
          0,           0,         182,      -6.987974856,      -6.558323172,      -6.856677536,      -6.788839823,      -6.358892555,      -9.653458298
          0,           0,         183,      -6.993068496,      -6.561682599,      -6.860873505,      -6.793515274,      -6.363936582,      -9.655883032
          0,           0,         184,      -6.998175492,      -6.565102628,      -6.865082515,      -6.798219352,      -6.368993272,      -9.658262053
          0,           0,         185,       -7.00342619,      -6.568548934,      -6.869296913,      -6.803009055,      -6.374194304,      -9.660569241
          0,           0,         186,      -7.009036251,       -6.57199454,      -6.873500572,      -6.807905454,      -6.379754982,      -9.662856014
          0,           0,         187,      -7.014733301,      -6.575438046,      -6.877687908,      -6.812779641,      -6.385416206,      -9.665121576
          0,           0,         188,      -7.020951201,      -6.578875078,      -6.881859037,      -6.817745506,        -6.3915893,      -9.667356563
          0,           0,         189,       -7.02752724,      -6.582298538,      -6.886011438,      -6.822780685,      -6.398141745,      -9.669561844
          0,           0,         190,        -7.0337594,      -6.585708392,      -6.890137909,      -6.827763542,       -6.40440216,      -9.671734289
          0,           0,         191,      -7.040402516,      -6.589082226,      -6.894221328,      -6.832693437,      -6.411034149,      -9.673883457
          0,           0,         192,      -7.048276097,      -6.592407793,      -6.898254477,      -6.837604793,      -6.418831524,      -9.676011923
          0,           0,         193,      -7.055535586,      -6.595656035,      -6.902230383,      -6.842511038,      -6.426101843,      -9.678122638
          0,           0,         194,      -7.062341056,      -6.598813609,      -6.906117571,       -6.84737192,      -6.432946772,      -9.680223115
          0,           0,         195,      -7.068963535,       -6.60188175,      -6.909899065,      -6.852166873,      -6.439598835,      -9.682323389
          0,           0,         196,      -7.076361224,      -6.604848384,      -6.913570034,      -6.856965897,       -6.44697138,      -9.684427658
          0,           0,         197,      -7.082928278,      -6.607746648,      -6.917131168,       -6.86161766,      -6.453598647,      -9.686546316
          0,           0,         198,      -7.088640988,      -6.610565791,      -6.920567093,      -6.866146575,      -6.459376827,      -9.688688365
          0,           0,         199,      -7.094365801,      -6.613325535,      -6.923881183,      -6.870498876,      -6.465145321,       -9.69085975
          0,           0,         200,      -7.100318908,      -6.616036843,      -6.927075659,      -6.874710959,      -6.471107943,      -9.693065248
          0,           0,         201,      -7.106110123,      -6.618688925,      -6.930157472,      -6.878778178,      -6.476906614,      -9.695314045
          0,           0,         202,      -7.112021391,      -6.621295956,      -6.933126518,      -6.882696579,      -6.482812667,      -9.697600098
          0,           0,         203,      -7.117746144,      -6.623858783,       -6.93599214,      -6.886469206,      -6.488543816,      -9.699917903
          0,           0,         204,      -7.123394915,       -6.62638126,      -6.938766127,      -6.890095468,      -6.494202672,      -9.702272424
          0,           0,         205,      -7.129082337,      -6.628875856,      -6.941458492,      -6.893576013,      -6.499902323,      -9.704661855
          0,           0,         206,      -7.135507433,      -6.631358729,      -6.944085937,      -6.897033877,      -6.506309058,      -9.707079092
          0,           0,         207,      -7.141822655,      -6.633827172,      -6.946669411,      -6.900362024,      -6.512666827,      -9.709515297
          0,           0,         208,      -7.148328353,      -6.636288548,      -6.949216176,      -6.903573521,      -6.519218438,      -9.711963684
          0,           0,         209,      -7.155139381,      -6.638751598,      -6.951748628,       -6.90671316,      -6.526060718,      -9.714422518
          0,           0,         210,        -7.1617066,      -6.641214482,      -6.954284522,      -6.909803084,      -6.532672891,      -9.716891397
          0,           0,         211,      -7.168085864,      -6.643681495,      -6.956835886,      -6.912850318,      -6.539092473,      -9.719372809
          0,           0,         212,      -7.174378063,      -6.646163387,      -6.959419143,       -6.91586651,      -6.545411588,      -9.721860879
          0,           0,         213,       -7.18080758,      -6.648662565,      -6.962050671,      -6.918901245,      -6.551844393,      -9.724368464
          0,           0,         214,      -7.187558269,       -6.65118142,      -6.964749617,      -6.922002011,      -6.558571196,      -9.726891679
          0,           0,         215,      -7.194141602,      -6.653742502,      -6.967528942,      -6.925137473,      -6.565156633,      -9.729428316
          0,           0,         216,      -7.200569902,      -6.656352363,      -6.970397752,      -6.928323535,      -6.571578186,      -9.731973066
          0,           0,         217,      -7.206937821,      -6.659021348,      -6.973367023,      -6.931584639,      -6.577915078,      -9.734517852
          0,           0,         218,      -7.213262943,      -6.661742407,      -6.976444464,      -6.934943507,      -6.584195176,      -9.737054139
          0,           0,         219,      -7.219488099,      -6.664519535,      -6.979637082,      -6.938414054,      -6.590377107,      -9.739574791
          0,           0,         220,      -7.225700767,      -6.667367218,      -6.982947666,      -6.942011936,      -6.596541355,      -9.742074297
          0,           0,         221,      -7.231930928,      -6.670278243,       -6.98638003,      -6.945740121,      -6.602724045,      -9.744549847
          0,           0,         222,      -7.238240829,      -6.673248242,       -6.98993314,      -6.949595927,      -6.608978269,      -9.747001021
          0,           0,         223,      -7.244404671,      -6.676272881,      -6.993604652,       -6.95356994,      -6.615102276,      -9.749426661
          0,           0,         224,      -7.250945183,      -6.679360099,      -6.997386171,      -6.957765432,      -6.621583448,      -9.751825577
          0,           0,         225,      -7.257196572,      -6.682498436,      -7.001277747,       -6.96207281,      -6.627827354,      -9.754198404
          0,           0,         226,      -7.263043425,      -6.685675245,      -7.005268883,      -6.966477408,      -6.633687869,      -9.756542392
          0,           0,         227,      -7.268556633,      -6.688879399,      -7.009348314,      -6.970971966,      -6.639215155,      -9.758854611
          0,           0,         228,       -7.27398655,      -6.692104212,       -7.01350464,      -6.975555653,      -6.644643014,      -9.761139289
          0,           0,         229,      -7.279378206,      -6.695344041,      -7.017728611,      -6.980225973,      -6.650018104,      -9.763384677
          0,           0,         230,      -7.284978871,      -6.698595804,      -7.022013404,      -6.984985984,      -6.655585506,      -9.765605156
          0,           0,         231,      -7.290707383,      -6.701853462,      -7.026344601,      -6.989830306,      -6.661286378,      -9.767810624
          0,           0,         232,      -7.296294315,      -6.705111431,       -7.03070818,      -6.994722525,      -6.666870382,      -9.769995093
          0,           0,         233,       -7.30177856,      -6.708365576,      -7.035089703,      -6.999647507,      -6.672363249,      -9.772155982
          0,           0,         234,      -7.307094166,       -6.71160499,      -7.039476753,      -7.004578309,      -6.677696049,      -9.774293064
          0,           0,         235,      -7.312227245,      -6.714823058,      -7.043855774,      -7.009489995,      -6.682852757,      -9.776408543
          0,           0,         236,      -7.317165821,      -6.718014902,      -7.048212087,      -7.014364257,      -6.687820708,       -9.77850212
          0,           0,         237,      -7.321916489,      -6.721176612,      -7.052531478,        -7.0191814,      -6.692606815,      -9.780576759
          0,           0,         238,      -7.326530387,      -6.724304207,      -7.056800362,      -7.023925812,      -6.697259731,      -9.782634469
          0,           0,         239,      -7.331019453,      -6.727394397,      -7.061006309,      -7.028582405,      -6.701791348,      -9.784677384
          0,           0,         240,      -7.335370046,      -6.730443608,      -7.065138432,      -7.033135998,      -6.706189336,      -9.786707104
          0,           0,         241,      -7.339664534,       -6.73345491,      -7.069182139,      -7.037582272,      -6.710527577,      -9.788724597
          0,           0,         242,      -7.343918629,      -6.736426903,       -7.07313688,       -7.04191251,      -6.714830599,      -9.790731054
          0,           0,         243,      -7.347977308,      -6.739358898,      -7.076998337,      -7.046106435,      -6.718954326,      -9.792736939
          0,           0,         244,      -7.351849522,      -6.742256776,      -7.080763455,      -7.050147651,      -6.722892511,      -9.794748907
          0,           0,         245,      -7.355531984,      -6.745123366,       -7.08442937,      -7.054033193,      -6.726634867,      -9.796775912
          0,           0,         246,      -7.359090103,      -6.747963022,      -7.087999047,       -7.05776519,      -6.730245515,      -9.798811305
          0,           0,         247,       -7.36260625,      -6.750781238,      -7.091476769,      -7.061347877,      -6.733808396,      -9.800847927
          0,           0,         248,      -7.366123529,      -6.753585938,      -7.094867365,      -7.064791793,       -6.73736571,      -9.802876903
          0,           0,         249,      -7.369620044,      -6.756385629,      -7.098178399,      -7.068101598,      -6.740899921,      -9.804888711
          0,           0,         250,      -7.373092949,      -6.759188549,      -7.101418775,       -7.07128714,      -6.744408293,      -9.806890209
          0,           0,         251,      -7.376562404,      -6.762002613,      -7.104596797,      -7.074362212,      -6.747910266,      -9.808891593
          0,           0,         252,      -7.380142958,      -6.764835159,      -7.107724259,      -7.077360116,      -6.751512242,      -9.810903047
          0,           0,         253,       -7.38366375,      -6.767696634,      -7.110807299,      -7.080276761,      -6.755066452,      -9.812921175
          0,           0,         254,      -7.387143352,      -6.770591071,      -7.113854872,      -7.083120567,      -6.758581151,      -9.814943406
          0,           0,         255,      -7.390736984,      -6.773523184,       -7.11687718,      -7.085907945,      -6.762198715,       -9.81696795
          0,           0,         256,       -7.39454657,      -6.776497006,      -7.119896923,      -7.088662786,      -6.766021907,       -9.81899376
          0,           0,         257,      -7.398229415,      -6.779514404,      -7.122910472,      -7.091396218,       -6.76973337,      -9.821012898
          0,           0,         258,      -7.401803698,      -6.782577102,      -7.125923566,       -7.09411516,      -6.773340147,      -9.823033555
          0,           0,         259,      -7.405355442,      -6.785682147,      -7.128942227,      -7.096859113,       -6.77691027,      -9.825054195
          0,           0,         260,      -7.408807813,      -6.788835725,      -7.131975535,      -7.099600946,      -6.780393341,      -9.827073804
          0,           0,         261,      -7.412185642,      -6.792037395,      -7.135025524,      -7.102342406,      -6.783801344,      -9.829091809
          0,           0,         262,      -7.415504544,      -6.795286931,      -7.138094003,       -7.10509818,       -6.78714204,      -9.831108584
          0,           0,         263,      -7.418822184,      -6.798585956,      -7.141190925,      -7.107885097,      -6.790475695,      -9.833125781
          0,           0,         264,      -7.422153155,      -6.801935157,      -7.144320734,      -7.110713325,      -6.793821089,      -9.835143692
          0,           0,         265,      -7.425512181,      -6.805333964,      -7.147488202,      -7.113590918,      -6.797196293,      -9.837163127
          0,           0,         266,         -7.428909,      -6.808783616,      -7.150697695,      -7.116525455,      -6.800612787,      -9.839184238
          0,           0,         267,      -7.432336322,      -6.812280008,      -7.153952859,      -7.119520669,      -6.804064069,      -9.841207667
          0,           0,         268,      -7.435818039,      -6.815818327,      -7.157256029,      -7.122580627,      -6.807570847,      -9.843233636
          0,           0,         269,      -7.439288358,      -6.819395057,      -7.160609435,      -7.125704597,      -6.811075162,      -9.845208299
          0,           0,         270,      -7.442737927,      -6.823000601,      -7.164015704,      -7.128899297,      -6.814562215,      -9.847209482
          0,           0,         271,       -7.44618319,      -6.826632802,      -7.167467335,      -7.132159311,      -6.818048196,       -9.84924127
          0,           0,         272,       -7.44957965,      -6.830285283,      -7.170965383,      -7.135480611,      -6.821491389,      -9.851276485
          0,           0,         273,      -7.452983863,      -6.833953138,      -7.174507843,      -7.138868028,      -6.824944221,      -9.853274515
          0,           0,         274,      -7.456323571,      -6.837626868,      -7.178088788,      -7.142311448,      -6.828336609,      -9.855324494
          0,           0,         275,      -7.459630069,      -6.841302279,      -7.181707779,      -7.145799763,       -6.83170461,      -9.857380577
          0,           0,         276,      -7.462950494,      -6.844977947,      -7.185361759,      -7.149337185,      -6.835084174,      -9.859433895
          0,           0,         277,      -7.466286508,      -6.848651296,      -7.189047797,      -7.152924217,      -6.838477032,      -9.861483135
          0,           0,         278,      -7.469622798,      -6.852318209,      -7.192761996,      -7.156553827,      -6.841871246,      -9.863476311
          0,           0,         279,      -7.472945555,      -6.855969535,      -7.196499401,      -7.160222079,      -6.845254699,      -9.865500986
          0,           0,         280,      -7.476243072,      -6.859605966,      -7.200253849,       -7.16392202,      -6.848616416,      -9.867539298
          0,           0,         281,      -7.479513042,      -6.863228141,       -7.20402189,      -7.167648963,      -6.851953141,      -9.869582327
          0,           0,         282,      -7.482760298,      -6.866836932,      -7.207800565,      -7.171400063,      -6.855268802,      -9.871615973
          0,           0,         283,      -7.485988055,      -6.870436901,      -7.211586352,      -7.175173291,      -6.858566652,      -9.873651387
          0,           0,         284,       -7.48918301,      -6.874027586,      -7.215375188,      -7.178962594,      -6.861835038,      -9.875691713
          0,           0,         285,      -7.492354489,      -6.877597129,      -7.219161631,      -7.182760394,      -6.865082491,      -9.877735886
          0,           0,         286,        -7.4954947,      -6.881144045,      -7.222942504,      -7.186565204,      -6.868298725,      -9.879783505
          0,           0,         287,      -7.498611578,      -6.884666696,      -7.226714091,      -7.190375426,      -6.871490749,      -9.881833337
          0,           0,         288,       -7.50172176,      -6.888164454,      -7.230472948,      -7.194188274,      -6.874675631,      -9.883885384
          0,           0,         289,      -7.504839232,      -6.891637147,      -7.234215787,       -7.19800051,      -6.877867956,      -9.885939817
          0,           0,         290,      -7.507973617,      -6.895084504,       -7.23793965,      -7.201808838,      -6.881077893,      -9.887997261
          0,           0,         291,      -7.511128922,      -6.898506492,      -7.241641989,      -7.205610871,      -6.884309378,      -9.890057777
          0,           0,         292,      -7.514305529,      -6.901902992,      -7.245320883,      -7.209403135,      -6.887563311,      -9.892121597
          0,           0,         293,      -7.517504693,      -6.905274482,      -7.248974683,      -7.213182463,      -6.890841173,      -9.894188738
          0,           0,         294,      -7.520719092,      -6.908623271,      -7.252602415,      -7.216946161,      -6.894135559,      -9.896259264
          0,           0,         295,      -7.523918315,      -6.911952459,       -7.25620398,      -7.220693482,      -6.897416316,      -9.898333253
          0,           0,         296,      -7.527107611,      -6.915256926,      -7.259778317,      -7.224420427,      -6.900688965,      -9.900410657
          0,           0,         297,      -7.530283815,      -6.918533673,      -7.263325187,      -7.228124039,      -6.903947841,      -9.902489887
          0,           0,         298,      -7.533447185,       -6.92178188,      -7.266842581,      -7.231800695,      -6.907191463,      -9.904573051
          0,           0,         299,      -7.536589917,      -6.925000089,      -7.270329367,      -7.235452233,      -6.910410852,      -9.906655662
          0,           0,         300,      -7.539598572,      -6.928187263,      -7.273784393,      -7.239078844,      -6.913498688,      -9.908711592
          0,           0,         301,      -7.542497732,      -6.931341553,      -7.277209024,      -7.242675452,      -6.916479004,      -9.910792109
          0,           0,         302,      -7.545434853,       -6.93445906,      -7.280600944,      -7.246235769,      -6.919491431,      -9.912888032
          0,           0,         303,      -7.548407068,      -6.937541199,      -7.283961181,      -7.249765288,      -6.922532861,      -9.914992729
          0,           0,         304,      -7.551331838,      -6.940591156,      -7.287293077,      -7.253268072,      -6.925526048,      -9.917103252
          0,           0,         305,      -7.554230855,      -6.943608045,      -7.290594238,      -7.256742709,      -6.928487319,      -9.919217886
          0,           0,         306,      -7.557125183,      -6.946593599,      -7.293864535,      -7.260197445,      -6.931443934,        -9.9213355
          0,           0,         307,      -7.560047396,      -6.949549265,      -7.297106351,      -7.263634912,      -6.934428483,      -9.923455362
          0,           0,         308,      -7.562941323,      -6.952473448,       -7.30032434,      -7.267048176,      -6.937384829,      -9.925577318
          0,           0,         309,      -7.565821232,      -6.955370264,      -7.303523546,       -7.27044262,      -6.940321824,      -9.927701572
          0,           0,         310,      -7.568692276,      -6.958240775,      -7.306715276,      -7.273825157,      -6.943244652,        -9.9298288
          0,           0,         311,      -7.571462124,      -6.961088025,      -7.309886915,      -7.277194413,      -6.946065262,      -9.931958343
          0,           0,         312,      -7.574120895,      -6.963911113,      -7.313045182,      -7.280555866,      -6.948773047,      -9.934089396
          0,           0,         313,      -7.576769701,      -6.966709786,      -7.316191794,      -7.283907057,       -6.95146398,      -9.936221174
          0,           0,         314,      -7.579406211,      -6.969497094,      -7.319332117,      -7.287251065,      -6.954135054,      -9.938352887
          0,           0,         315,       -7.58204128,      -6.972289816,      -7.322471392,      -7.290595538,      -6.956798697,      -9.940484197
          0,           0,         316,      -7.584691066,         -6.975078,      -7.325609726,      -7.293941545,      -6.959473571,      -9.942616915
          0,           0,         317,       -7.58735614,      -6.977864318,      -7.328748232,      -7.297290573,      -6.962161137,      -9.944747281
          0,           0,         318,      -7.590013109,      -6.980650766,      -7.331888121,      -7.300640346,      -6.964838354,      -9.946874513
          0,           0,         319,      -7.592660709,      -6.983440178,      -7.335030305,      -7.303989515,      -6.967503138,       -9.94899991
          0,           0,         320,      -7.595312828,      -6.986234983,      -7.338174668,      -7.307336883,      -6.970169325,      -9.951123364
          0,           0,         321,      -7.597988208,      -6.989036537,      -7.341319965,       -7.31068112,      -6.972856544,      -9.953243858
          0,           0,         322,      -7.600699097,       -6.99184902,      -7.344465571,      -7.314021054,      -6.975578081,      -9.955361103
          0,           0,         323,        -7.6034231,       -6.99467084,      -7.347610105,      -7.317360334,      -6.978308602,      -9.957475362
          0,           0,         324,      -7.606192253,      -6.997503847,      -7.350751967,      -7.320687901,       -6.98108721,      -9.959586875
          0,           0,         325,      -7.608975969,      -7.000348471,       -7.35388775,      -7.324002441,      -6.983881728,      -9.961696932
          0,           0,         326,      -7.611788888,      -7.003207382,      -7.357020829,      -7.327303877,      -6.986707348,      -9.963805882
          0,           0,         327,      -7.614646046,      -7.006082942,      -7.360150059,        -7.3305911,      -6.989576571,      -9.965914054
          0,           0,         328,      -7.617548111,      -7.008970366,      -7.363273397,       -7.33386129,       -6.99249071,      -9.968021903
          0,           0,         329,      -7.620493858,       -7.01186837,       -7.36639014,      -7.337114107,      -6.995449735,      -9.970129851
          0,           0,         330,      -7.623470708,      -7.014775276,      -7.369499626,      -7.340346509,      -6.998441574,      -9.972238967
          0,           0,         331,      -7.626477233,      -7.017694706,      -7.372602795,      -7.343568227,      -7.001467805,      -9.974330464
          0,           0,         332,      -7.629477396,      -7.020623464,      -7.375698022,      -7.346772621,      -7.004493791,       -9.97641915
          0,           0,         333,      -7.632471045,      -7.023551716,      -7.378782476,      -7.349951697,      -7.007519962,      -9.978523764
          0,           0,         334,       -7.63545841,      -7.026473634,      -7.381852898,      -7.353108118,      -7.010538632,       -9.98063948
          0,           0,         335,      -7.638461791,      -7.029386763,      -7.384907404,      -7.356244547,      -7.013571434,       -9.98276251
          0,           0,         336,      -7.641479097,      -7.032289807,      -7.387944713,      -7.359359238,      -7.016618744,       -9.98489197
          0,           0,         337,       -7.64450537,      -7.035180877,      -7.390964381,      -7.362452789,      -7.019676462,      -9.987027785
          0,           0,         338,      -7.647646466,      -7.038059613,      -7.393967491,      -7.365547852,      -7.022848467,      -9.989168762
          0,           0,         339,      -7.650934369,      -7.040926793,      -7.396956899,      -7.368649598,      -7.026173086,      -9.991314593
          0,           0,         340,      -7.654168853,      -7.043783068,      -7.399935579,      -7.371722509,      -7.029457728,      -9.993465646
          0,           0,         341,      -7.657365255,      -7.046628159,      -7.402904971,      -7.374775959,      -7.032704326,      -9.995621697
          0,           0,         342,      -7.660513198,      -7.049462256,      -7.405868453,       -7.37781451,       -7.03590036,      -9.997783262
          0,           0,         343,      -7.663634994,      -7.052286896,      -7.408829389,      -7.380846155,      -7.039067262,      -9.999950279
          0,           0,         344,      -7.666736563,      -7.055104559,      -7.411791554,      -7.383876891,      -7.042209905,       -10.0021223
          0,           0,         345,       -7.66982533,      -7.057918856,      -7.414759481,      -7.386913849,      -7.045336268,      -10.00429913
          0,           0,         346,      -7.672906177,      -7.060732696,      -7.417737122,      -7.389962138,       -7.04845253,      -10.00648062
          0,           0,         347,      -7.675985421,       -7.06354699,      -7.420727836,      -7.393027798,      -7.051565666,       -10.0086666
          0,           0,         348,       -7.67907127,      -7.066365854,      -7.423735617,      -7.396118023,      -7.054683759,      -10.01087911
          0,           0,         349,       -7.68219041,      -7.069194364,      -7.426763152,      -7.399242148,      -7.057832937,      -10.01308304
          0,           0,         350,      -7.685380074,      -7.072036466,      -7.429812898,      -7.402406297,      -7.061051263,      -10.01529336
          0,           0,         351,      -7.688586831,      -7.074895059,      -7.432889432,      -7.405612553,      -7.064287599,      -10.01750652
          0,           0,         352,      -7.691814976,      -7.077774541,      -7.435997376,      -7.408860483,      -7.067545394,      -10.01972284
          0,           0,         353,      -7.695067648,      -7.080679281,      -7.439140236,      -7.412151324,      -7.070826813,      -10.02194113
          0,           0,         354,      -7.698349815,      -7.083611884,      -7.442320511,      -7.415488879,      -7.074136099,      -10.02415985
          0,           0,         355,      -7.701670417,      -7.086576201,       -7.44554065,      -7.418878094,      -7.077481384,      -10.02637811
          0,           0,         356,        -7.7050357,      -7.089576124,      -7.448803145,       -7.42232321,      -7.080868865,      -10.02859583
          0,           0,         357,      -7.708446008,      -7.092615001,      -7.452110567,      -7.425828126,       -7.08429936,      -10.03081627
          0,           0,         358,      -7.711890033,       -7.09569542,      -7.455465956,      -7.429400465,       -7.08776007,      -10.03304224
          0,           0,         359,      -7.715370741,      -7.098819971,      -7.458873132,      -7.433035602,      -7.091257153,      -10.03526368
          0,           0,         360,      -7.718896523,      -7.101989379,      -7.462332105,      -7.436734813,      -7.094797801,      -10.03748589
          0,           0,         361,      -7.722472722,      -7.105205124,      -7.465843927,       -7.44050094,      -7.098387083,      -10.03970902
          0,           0,         362,      -7.726091998,      -7.108467402,      -7.469410011,      -7.444334557,      -7.102017921,      -10.04193413
          0,           0,         363,      -7.729779992,      -7.111775934,      -7.473031537,      -7.448236617,      -7.105717972,      -10.04416089
          0,           0,         364,      -7.733671278,       -7.11513033,      -7.476708855,      -7.452208244,      -7.109618908,      -10.04638987
          0,           0,         365,      -7.737547922,      -7.118527484,      -7.480443605,      -7.456252351,      -7.113513851,      -10.04862122
          0,           0,         366,      -7.741428712,      -7.121964595,      -7.484234149,      -7.460365425,      -7.117416613,      -10.05085517
          0,           0,         367,      -7.745279609,      -7.125437567,      -7.488078702,      -7.464537056,      -7.121290661,      -10.05309166
          0,           0,         368,      -7.749132013,      -7.128944147,      -7.491976211,      -7.468774518,      -7.125169047,       -10.0553305
          0,           0,         369,      -7.752990124,      -7.132480415,      -7.495923702,       -7.47307341,      -7.129054388,      -10.05757201
          0,           0,         370,      -7.756859378,      -7.136042499,      -7.499918314,      -7.477429237,        -7.1329516,       -10.0598168
          0,           0,         371,      -7.760755214,      -7.139626593,      -7.503956957,      -7.481837631,      -7.136876396,      -10.06206551
          0,           0,         372,      -7.764714045,      -7.143230469,      -7.508036279,      -7.486295567,      -7.140866268,      -10.06431849
          0,           0,         373,      -7.768643099,      -7.146848651,      -7.512152576,       -7.49079478,      -7.144832435,      -10.06657481
          0,           0,         374,      -7.772558315,      -7.150477834,      -7.516301742,       -7.49532911,      -7.148787768,      -10.06883577
          0,           0,         375,      -7.776523257,      -7.154115917,      -7.520480302,      -7.499908028,      -7.152794126,      -10.07110159
          0,           0,         376,      -7.780528169,      -7.157760049,      -7.524685104,      -7.504528955,      -7.156846838,      -10.07337241
          0,           0,         377,      -7.784659217,      -7.161409125,      -7.528911671,      -7.509165575,      -7.161031392,      -10.07564843
          0,           0,         378,      -7.788725648,      -7.165059633,      -7.533154941,      -7.513815081,      -7.165160731,       -10.0779299
          0,           0,         379,      -7.792748664,      -7.168709845,      -7.537410237,      -7.518470206,      -7.169248619,      -10.08021698
          0,           0,         380,      -7.796702102,      -7.172357471,      -7.541674341,        -7.5231251,      -7.173265862,       -10.0825098
          0,           0,         381,      -7.800617227,      -7.176002226,       -7.54594399,      -7.527778395,      -7.177241092,      -10.08480847
          0,           0,         382,      -7.804517964,      -7.179644599,      -7.550216751,      -7.532430205,       -7.18119872,      -10.08711316
          0,           0,         383,      -7.808411371,      -7.183285659,      -7.554491292,      -7.537079381,      -7.185147618,      -10.08942385
          0,           0,         384,       -7.81230644,      -7.186926799,      -7.558767365,       -7.54172658,      -7.189097738,      -10.09174055
          0,           0,         385,      -7.816207888,      -7.190569868,      -7.563044654,      -7.546372016,      -7.193054538,      -10.09406327
          0,           0,         386,      -7.820117875,      -7.194216588,      -7.567323745,      -7.551016728,       -7.19702047,      -10.09639164
          0,           0,         387,      -7.824037085,       -7.19786866,      -7.571605551,      -7.555662397,      -7.200996201,      -10.09872601
          0,           0,         388,      -7.827965991,      -7.201527642,      -7.575891215,      -7.560311293,      -7.204981958,      -10.10106644
          0,           0,         389,      -7.831905483,      -7.205195006,      -7.580182026,      -7.564966418,      -7.208978387,      -10.10341263
          0,           0,         390,      -7.835856786,      -7.208872212,      -7.584479621,      -7.569631348,      -7.212986542,      -10.10576441
          0,           0,         391,      -7.839822016,      -7.212560402,      -7.588785985,      -7.574310257,      -7.217008425,      -10.10812256
          0,           0,         392,       -7.84380356,      -7.216260996,      -7.593103116,      -7.579008712,      -7.221046441,      -10.11048498
          0,           0,         393,       -7.84780159,      -7.219975395,      -7.597433464,      -7.583729386,       -7.22510093,      -10.11285527
          0,           0,         394,      -7.852293667,      -7.223711438,      -7.601778522,      -7.588546625,      -7.229648308,      -10.11523271
          0,           0,         395,      -7.856627257,      -7.227464911,       -7.60614219,      -7.593384026,       -7.23406567,      -10.11761439
          0,           0,         396,       -7.86082544,      -7.231234567,      -7.610526977,      -7.598236251,      -7.238347903,      -10.11999966
          0,           0,         397,      -7.864971236,      -7.235021907,      -7.614934225,      -7.603111332,      -7.242566859,      -10.12238991
          0,           0,         398,      -7.869103934,      -7.238827625,      -7.619366724,       -7.60801911,      -7.246762875,      -10.12478572
          0,           0,         399,      -7.873267742,      -7.242654215,      -7.623827936,      -7.612975067,      -7.250983795,      -10.12718694
          0,           0,         400,       -7.87745949,      -7.246503966,      -7.628316098,      -7.617983054,      -7.255232034,      -10.12959322
          0,           0,         401,      -7.881680414,      -7.250378858,      -7.632838216,      -7.623043301,      -7.259510223,      -10.13200427
          0,           0,         402,      -7.885963923,      -7.254280813,      -7.637400763,      -7.628160235,      -7.263850296,      -10.13442004
          0,           0,         403,      -7.890268127,      -7.258211092,      -7.642006144,      -7.633339335,      -7.268212253,      -10.13684059
          0,           0,         404,      -7.894596447,      -7.262170467,      -7.646656091,      -7.638583693,      -7.272598576,        -10.139266
          0,           0,         405,      -7.898949815,      -7.266159145,       -7.65135211,      -7.643895487,      -7.277009971,      -10.14169252
          0,           0,         406,      -7.903327817,      -7.270176672,      -7.656098102,      -7.649276803,       -7.28144597,      -10.14412712
          0,           0,         407,      -7.907730659,      -7.274222668,      -7.660893323,      -7.654729135,      -7.285907072,      -10.14656889
          0,           0,         408,      -7.912160782,       -7.27829717,      -7.665738987,      -7.660253426,      -7.290396142,      -10.14901588
          0,           0,         409,      -7.916616535,      -7.282399029,      -7.670636007,      -7.665850141,       -7.29491203,      -10.15146737
          0,           0,         410,      -7.921097055,      -7.286526323,      -7.675584762,      -7.671519474,      -7.299454364,      -10.15392291
          0,           0,         411,      -7.925600115,      -7.290677017,      -7.680585002,      -7.677261281,      -7.304021272,      -10.15638231
          0,           0,         412,      -7.930123525,      -7.294849027,      -7.685635881,       -7.68307511,       -7.30861082,      -10.15884556
          0,           0,         413,      -7.934665229,      -7.299040041,      -7.690736026,      -7.688959902,      -7.313221112,      -10.16131243
          0,           0,         414,      -7.939222896,      -7.303247702,      -7.695883832,      -7.694913947,      -7.317849907,      -10.16378332
          0,           0,         415,      -7.943793879,      -7.307469524,      -7.701077375,      -7.700934911,      -7.322494614,       -10.1662583
          0,           0,         416,      -7.948394668,      -7.311703077,      -7.706314496,      -7.707020115,      -7.327171421,      -10.16873749
          0,           0,         417,      -7.953008719,      -7.315945451,      -7.711593469,       -7.71316726,      -7.331864402,      -10.17122102
          0,           0,         418,      -7.957622947,      -7.320194389,      -7.716911818,      -7.719373256,      -7.336560546,      -10.17370893
          0,           0,         419,      -7.962235986,      -7.324447937,      -7.722266886,      -7.725634355,      -7.341258126,      -10.17620124
          0,           0,         420,      -7.966885953,      -7.328704939,      -7.727656356,       -7.73195028,      -7.345994958,      -10.17869792
          0,           0,         421,      -7.971517531,      -7.332962401,      -7.733078128,      -7.738314776,      -7.350717608,      -10.18119891
          0,           0,         422,      -7.976125593,      -7.337218268,      -7.738529953,      -7.744723006,      -7.355418742,      -10.18370416
          0,           0,         423,      -7.980715824,      -7.341470608,      -7.744009779,      -7.751171599,      -7.360102805,      -10.18621363
          0,           0,         424,      -7.985291493,       -7.34571828,      -7.749515373,      -7.757657978,       -7.36477297,      -10.18872725
          0,           0,         425,       -7.98985361,      -7.349959976,      -7.755044556,      -7.764179458,      -7.369430468,      -10.19124486
          0,           0,         426,      -7.994401524,      -7.354193645,      -7.760595025,      -7.770732918,      -7.374074777,      -10.19376651
          0,           0,         427,      -7.998934394,       -7.35841797,      -7.766164506,      -7.777314792,      -7.378705031,      -10.19629249
          0,           0,         428,      -8.003451749,      -7.362631799,       -7.77175056,        -7.7839213,       -7.38332065,      -10.19882242
          0,           0,         429,      -8.007953448,      -7.366834189,      -7.777350587,      -7.790548818,      -7.387921327,      -10.20135612
          0,           0,         430,      -8.012416224,      -7.371024043,      -7.782962169,      -7.797194626,      -7.392482875,      -10.20389346
          0,           0,         431,      -8.016840939,      -7.375200866,      -7.788582867,      -7.803853803,      -7.397006037,      -10.20643432
          0,           0,         432,      -8.021255911,      -7.379364619,      -7.794210123,      -7.810521736,      -7.401519217,      -10.20897859
          0,           0,         433,      -8.025662821,      -7.383515028,      -7.799841899,      -7.817196811,      -7.406023451,      -10.21152612
          0,           0,         434,      -8.030061852,      -7.387652521,      -7.805476521,      -7.823877762,      -7.410519067,      -10.21407675
          0,           0,         435,       -8.03445274,      -7.391777545,      -7.811112495,      -7.830563107,      -7.415006075,      -10.21663047
          0,           0,         436,      -8.038833831,      -7.395890329,      -7.816748547,       -7.83725089,      -7.419482944,      -10.21918717
          0,           0,         437,      -8.043203286,      -7.399991243,      -7.822383564,       -7.84393912,      -7.423947871,      -10.22174685
          0,           0,         438,      -8.047560416,      -7.404080715,      -7.828016567,      -7.850626117,      -7.428400109,      -10.22430953
          0,           0,         439,      -8.051905635,      -7.408159251,      -7.833647123,      -7.857310701,      -7.432839992,      -10.22687519
          0,           0,         440,      -8.056238924,      -7.412227398,      -7.839274796,      -7.863992187,      -7.437267384,      -10.22944382
          0,           0,         441,      -8.060560444,      -7.416286063,      -7.844897204,      -7.870669655,      -7.441682385,      -10.23201536
          0,           0,         442,      -8.064871623,       -7.42033571,       -7.85051385,      -7.877342922,      -7.446086386,       -10.2345898
          0,           0,         443,      -8.069177507,      -7.424376414,      -7.856126248,      -7.884012961,      -7.450484394,      -10.23716714
          0,           0,         444,      -8.073468453,      -7.428408256,      -7.861734748,      -7.890678318,      -7.454867078,       -10.2397474
          0,           0,         445,      -8.077745679,      -7.432431472,      -7.867339378,      -7.897339159,      -7.459235208,      -10.24233058
          0,           0,         446,      -8.082010061,      -7.436446249,      -7.872940154,      -7.903995991,      -7.463589667,      -10.24491666
          0,           0,         447,      -8.086261644,      -7.440452617,      -7.878537271,      -7.910648993,      -7.467930627,       -10.2475056
          0,           0,         448,      -8.090500853,      -7.444450487,      -7.884130961,       -7.91729879,       -7.47225859,      -10.25009741
          0,           0,         449,      -8.094727572,      -7.448439633,      -7.889721453,      -7.923945603,      -7.476573541,      -10.25269205
          0,           0,         450,      -8.098941426,      -7.452419738,      -7.895308915,      -7.930589406,      -7.480875194,      -10.25528952
          0,           0,         451,      -8.103141866,       -7.45639038,      -7.900893378,      -7.937229968,      -7.485163092,       -10.2578898
          0,           0,         452,      -8.107328218,      -7.460351037,      -7.906474728,      -7.943866831,      -7.489436636,      -10.26049289
          0,           0,         453,      -8.111501702,      -7.464301129,      -7.912052764,      -7.950499394,      -7.493697184,      -10.26309875
          0,           0,         454,      -8.115660302,      -7.468240017,      -7.917627039,      -7.957126765,      -7.497942781,      -10.26570735
          0,           0,         455,      -8.119800701,      -7.472167019,      -7.923196932,      -7.963747503,      -7.502170091,      -10.26831867
          0,           0,         456,       -8.12391779,      -7.476081424,      -7.928761738,      -7.970359519,      -7.506373872,      -10.27093266
          0,           0,         457,      -8.128018525,      -7.479982749,      -7.934320658,      -7.976961803,      -7.510560844,      -10.27354928
          0,           0,         458,      -8.132102197,      -7.483870374,      -7.939872759,      -7.983552699,      -7.514730485,      -10.27616851
          0,           0,         459,      -8.136167274,      -7.487743566,      -7.945417029,      -7.990130109,      -7.518881305,      -10.27879035
          0,           0,         460,      -8.140212119,       -7.49160214,      -7.950952716,      -7.996691716,      -7.523011485,      -10.28141477
          0,           0,         461,      -8.144236554,      -7.495445797,      -7.956478582,      -8.003236055,      -7.527120648,      -10.28404174
          0,           0,         462,      -8.148241147,      -7.499274251,      -7.961993692,       -8.00976195,      -7.531209307,      -10.28667117
          0,           0,         463,      -8.152226445,      -7.503087467,       -7.96749735,      -8.016268332,      -7.535277986,      -10.28930295
          0,           0,         464,      -8.156193111,      -7.506885423,      -7.972988926,       -8.02275411,      -7.539327351,      -10.29193702
          0,           0,         465,      -8.160141774,      -7.510668286,      -7.978467588,      -8.029218189,      -7.543358004,      -10.29457329
          0,           0,         466,      -8.164072771,      -7.514436233,      -7.983932721,      -8.035659539,       -7.54737023,       -10.2972117
          0,           0,         467,      -8.168026855,      -7.518190157,      -7.989383808,      -8.042082725,      -7.551405519,      -10.29985218
          0,           0,         468,      -8.171964781,       -7.52193029,      -7.994820576,      -8.048487333,       -7.55542594,      -10.30249465
          0,           0,         469,      -8.175867011,      -7.525656233,      -8.000242659,      -8.054863718,       -7.55941023,      -10.30513904
          0,           0,         470,      -8.179741198,      -7.529368585,      -8.005649822,      -8.061210914,      -7.563364176,      -10.30778528
          0,           0,         471,      -8.183595069,      -7.533068011,      -8.011042028,      -8.067529929,      -7.567295299,      -10.31043332
          0,           0,         472,      -8.187431887,      -7.536755447,      -8.016419676,      -8.073823551,      -7.571207188,      -10.31308328
          0,           0,         473,      -8.191257688,      -7.540432213,      -8.021783169,      -8.080094874,      -7.575106398,      -10.31573578
          0,           0,         474,      -8.195094174,      -7.544097889,      -8.027129655,      -8.086347146,      -7.579015077,       -10.3183883
          0,           0,         475,      -8.198903772,      -7.547752477,      -8.032455025,      -8.092570661,      -7.582896658,      -10.32104149
          0,           0,         476,      -8.202696455,      -7.551396841,      -8.037769953,      -8.098769197,        -7.5867598,      -10.32369424
          0,           0,         477,      -8.206498021,      -7.555031839,      -8.043074182,      -8.104944634,      -7.590630718,       -10.3263498
          0,           0,         478,      -8.210280429,      -7.558657744,        -8.0483682,       -8.11109859,      -7.594481467,      -10.32900771
          0,           0,         479,      -8.214046669,      -7.562275018,      -8.053652001,      -8.117230983,      -7.598314523,      -10.33166703
          0,           0,         480,      -8.217802319,      -7.565884276,      -8.058925919,      -8.123346216,      -7.602135228,      -10.33432759
          0,           0,         481,      -8.221550849,      -7.569486297,      -8.064190732,      -8.129449039,      -7.605947685,      -10.33698924
          0,           0,         482,      -8.225287535,      -7.573081172,      -8.069447441,      -8.135530794,       -7.60974789,      -10.33965191
          0,           0,         483,      -8.229013484,      -7.576669186,        -8.0746961,      -8.141590466,      -7.613535675,      -10.34231555
          0,           0,         484,      -8.232730882,      -7.580250662,       -8.07993667,      -8.147630262,      -7.617312955,      -10.34498011
          0,           0,         485,      -8.236441409,      -7.583825872,      -8.085169367,      -8.153652651,      -7.621081768,      -10.34764557
          0,           0,         486,      -8.240146258,      -7.587395089,      -8.090394334,      -8.159658895,      -7.624843697,      -10.35031189
          0,           0,         487,      -8.243846248,      -7.590958564,      -8.095611784,      -8.165649612,      -7.628599753,      -10.35297907
          0,           0,         488,      -8.247541603,      -7.594516501,      -8.100822139,      -8.171625185,      -7.632350276,      -10.35564707
          0,           0,         489,      -8.251232057,      -7.598069032,      -8.106025951,      -8.177585732,      -7.636095091,      -10.35831591
          0,           0,         490,      -8.254917347,      -7.601616327,      -8.111223856,      -8.183531279,      -7.639834016,      -10.36098557
          0,           0,         491,      -8.258596672,       -7.60515844,      -8.116416446,      -8.189461518,      -7.643566276,      -10.36365604
          0,           0,         492,       -8.26226914,      -7.608695343,      -8.121604223,      -8.195375989,      -7.647290987,      -10.36632732
          0,           0,         493,      -8.265933946,      -7.612226933,      -8.126787539,      -8.201274101,      -7.651007325,      -10.36899943
          0,           0,         494,      -8.269590574,      -7.615753125,      -8.131966566,      -8.207156166,      -7.654714756,      -10.37167241
          0,           0,         495,      -8.273238564,      -7.619273728,      -8.137141189,      -8.213021618,      -7.658412806,       -10.3743464
          0,           0,         496,      -8.276877404,      -7.622788491,      -8.142311016,      -8.218868473,      -7.662100945,      -10.37702091
          0,           0,         497,      -8.280506944,      -7.626297396,      -8.147475443,      -8.224695442,      -7.665779009,      -10.37970085
          0,           0,         498,      -8.284127568,      -7.629799959,      -8.152633663,      -8.230501415,      -7.669447389,      -10.38237899
          0,           0,         499,      -8.287739434,       -7.63329591,      -8.157784779,      -8.236285437,       -7.67310626,       -10.3850566
          0,           0,         500,      -8.291342051,      -7.636785039,      -8.162927847,      -8.242046223,       -7.67675516,      -10.38773335
          0,           0,         501,      -8.294935441,       -7.64026723,      -8.168062138,      -8.247783087,      -7.680394074,      -10.39040935
          0,           0,         502,      -8.298519906,      -7.643742544,       -8.17318723,      -8.253495294,      -7.684023256,       -10.3930838
          0,           0,         503,      -8.302096607,      -7.647211079,      -8.178302806,      -8.259181221,      -7.687643892,      -10.39575366
          0,           0,         504,       -8.30566427,      -7.650672984,      -8.183408388,      -8.264841979,      -7.691254714,      -10.39842677
          0,           0,         505,      -8.309228158,      -7.654128699,      -8.188503776,      -8.270478755,      -7.694860992,       -10.4010984
          0,           0,         506,       -8.31279975,      -7.657578786,      -8.193589119,      -8.276094191,      -7.698474724,      -10.40376984
          0,           0,         507,      -8.316357174,      -7.661023546,      -8.198665257,      -8.281684435,      -7.702074119,      -10.40644165
          0,           0,         508,      -8.319903931,      -7.664463602,      -8.203732426,      -8.287248974,      -7.705661664,      -10.40911389
          0,           0,         509,       -8.32344188,      -7.667899311,      -8.208790827,      -8.292788508,      -7.709238994,      -10.41178697
          0,           0,         510,      -8.326972998,      -7.671331124,      -8.213840901,      -8.298304195,      -7.712808165,      -10.41446066
          0,           0,         511,      -8.330498669,      -7.674759494,       -8.21888326,      -8.303797041,      -7.716370734,      -10.41713469
          0,           0,         512,      -8.334019506,      -7.678184798,      -8.223918529,      -8.309267891,       -7.71992746,      -10.41980884
          0,           0,         513,      -8.337535764,      -7.681607345,      -8.228947249,      -8.314717502,      -7.723478688,      -10.42248298
          0,           0,         514,      -8.341047737,      -7.685027412,      -8.233969849,      -8.320146636,      -7.727024769,        -10.425157
          0,           0,         515,       -8.34455584,      -7.688445254,      -8.238986681,      -8.325556085,      -7.730566156,      -10.42783083
          0,           0,         516,      -8.348060513,      -7.691861099,      -8.243998059,      -8.330946655,      -7.734103323,      -10.43050444
          0,           0,         517,      -8.351562127,      -7.695275154,      -8.249004289,       -8.33631914,      -7.737636685,      -10.43317784
          0,           0,         518,      -8.355060935,      -7.698687588,      -8.254005681,      -8.341674284,      -7.741166542,      -10.43585098
          0,           0,         519,      -8.358557122,      -7.702098548,       -8.25900256,      -8.347012788,      -7.744693124,      -10.43852381
          0,           0,         520,      -8.362050837,      -7.705508162,      -8.263995255,      -8.352335314,      -7.748216614,      -10.44119631
          0,           0,         521,      -8.365542178,      -7.708916539,      -8.268984096,      -8.357642481,      -7.751737136,      -10.44386848
          0,           0,         522,      -8.369031206,      -7.712323764,      -8.273969418,      -8.362934843,      -7.755254779,      -10.44654027
          0,           0,         523,      -8.372517948,        -7.7157299,      -8.278951537,      -8.368212882,      -7.758769589,      -10.44921169
          0,           0,         524,      -8.376002386,       -7.71913498,      -8.283930747,      -8.373476986,      -7.762281575,       -10.4518827
          0,           0,         525,      -8.379484455,      -7.722539006,      -8.288907292,      -8.378727419,      -7.765790703,       -10.4545533
          0,           0,         526,      -8.382964046,      -7.725941947,      -8.293881352,      -8.383964309,      -7.769296894,      -10.45722346
          0,           0,         527,       -8.38644101,      -7.729343743,      -8.298853022,      -8.389187634,      -7.772800028,      -10.45989317
          0,           0,         528,      -8.389915166,      -7.732744303,      -8.303822303,      -8.394397226,      -7.776299955,       -10.4625624
          0,           0,         529,      -8.393387266,      -7.736143541,      -8.308789092,      -8.399593455,      -7.779797436,      -10.46523113
          0,           0,         530,      -8.396856957,       -7.73954133,      -8.313753171,      -8.404775741,      -7.783292233,      -10.46789934
          0,           0,         531,      -8.400322352,      -7.742937472,      -8.318714212,      -8.409942149,      -7.786782488,      -10.47056702
          0,           0,         532,      -8.403783517,      -7.746331805,        -8.3236718,      -8.415092192,      -7.790268078,      -10.47323413
          0,           0,         533,      -8.407240608,      -7.749724178,      -8.328625458,      -8.420225505,       -7.79374916,      -10.47590065
          0,           0,         534,       -8.41069372,      -7.753114444,      -8.333574668,      -8.425341632,      -7.797225882,      -10.47856654
          0,           0,         535,      -8.414142785,      -7.756502453,      -8.338518863,      -8.430439909,      -7.800698219,      -10.48123178
          0,           0,         536,      -8.417587587,      -7.759888006,      -8.343457432,      -8.435519452,      -7.804165963,      -10.48389633
          0,           0,         537,      -8.421028015,      -7.763271032,      -8.348389818,      -8.440579417,      -7.807628994,      -10.48656015
          0,           0,         538,      -8.424463962,      -7.766651428,       -8.35331547,      -8.445618947,      -7.811087176,       -10.4892232
          0,           0,         539,        -8.4278954,      -7.770029096,      -8.358233792,      -8.450637253,      -7.814540447,      -10.49188542
          0,           0,         540,      -8.431322368,      -7.773403963,      -8.363144154,      -8.455633669,      -7.817988816,      -10.49454678
          0,           0,         541,      -8.434744956,      -7.776775984,      -8.368045945,      -8.460607688,      -7.821432353,      -10.49720724
          0,           0,         542,      -8.438163278,      -7.780145144,      -8.372938586,      -8.465558937,      -7.824871159,      -10.49986675
          0,           0,         543,      -8.441582866,      -7.783511608,      -8.377821495,      -8.470490876,      -7.828310879,      -10.50252526
          0,           0,         544,      -8.444999193,      -7.786875323,      -8.382694348,      -8.475400214,      -7.831747179,      -10.50518272
          0,           0,         545,      -8.448409271,      -7.790236283,      -8.387556791,      -8.480284524,      -7.835176813,      -10.50783908
          0,           0,         546,       -8.45181405,      -7.793594581,      -8.392408454,      -8.485144339,      -7.838600462,      -10.51049429
          0,           0,         547,      -8.455214477,      -7.796950341,      -8.397249119,      -8.489980617,      -7.842019022,       -10.5131483
          0,           0,         548,      -8.458611412,       -7.80030377,      -8.402078696,       -8.49479445,       -7.84543339,      -10.51580106
          0,           0,         549,      -8.462005422,      -7.803655048,      -8.406897195,      -8.499586804,      -7.848844184,      -10.51845252
          0,           0,         550,      -8.465396792,      -7.807004274,      -8.411704683,      -8.504358388,      -7.852251727,      -10.52110263
          0,           0,         551,      -8.468785666,      -7.810351643,      -8.416501346,      -8.509109903,      -7.855656177,      -10.52375134
          0,           0,         552,      -8.472172289,       -7.81369735,      -8.421287425,      -8.513842176,      -7.859057773,       -10.5263986
          0,           0,         553,      -8.475556979,      -7.817041579,      -8.426063205,      -8.518556161,      -7.862456821,      -10.52904435
          0,           0,         554,      -8.478940085,      -7.820384513,         -8.430829,      -8.523252902,      -7.865853661,      -10.53168852
          0,           0,         555,      -8.482321991,      -7.823726351,      -8.435585151,      -8.527933538,      -7.869248679,      -10.53433108
          0,           0,         556,      -8.485703062,      -7.827067271,      -8.440332025,      -8.532599273,      -7.872642257,      -10.53697196
          0,           0,         557,      -8.489083626,      -7.830407466,      -8.445070044,      -8.537251346,      -7.876034753,      -10.53961111
          0,           0,         558,      -8.492463934,      -7.833747123,       -8.44979967,      -8.541890972,      -7.879426446,      -10.54224852
          0,           0,         559,      -8.495845585,      -7.837086456,      -8.454521408,      -8.546520237,      -7.882819038,       -10.5448841
          0,           0,         560,      -8.499232418,      -7.840425704,      -8.459236071,      -8.551143271,      -7.886216589,       -10.5475178
          0,           0,         561,      -8.502616773,      -7.843764804,      -8.463944001,      -8.555755649,      -7.889611296,      -10.55014957
          0,           0,         562,      -8.505998958,      -7.847103892,      -8.468645726,      -8.560358493,      -7.893003234,      -10.55277935
          0,           0,         563,      -8.509379918,      -7.850443117,      -8.473341671,      -8.564953248,      -7.896393326,      -10.55540708
          0,           0,         564,      -8.512760487,      -7.853782646,      -8.478032289,      -8.569541189,      -7.899782453,      -10.55803273
          0,           0,         565,      -8.516141169,      -7.857122573,      -8.482717962,      -8.574123373,      -7.903171157,      -10.56065622
          0,           0,         566,      -8.519522289,      -7.860463034,      -8.487399049,      -8.578700678,      -7.906559796,       -10.5632775
          0,           0,         567,      -8.522903972,      -7.863804093,      -8.492075944,      -8.583273765,      -7.909948526,      -10.56589654
          0,           0,         568,      -8.526286183,      -7.867145769,      -8.496749037,      -8.587843151,      -7.913337347,      -10.56851327
          0,           0,         569,      -8.529668865,      -7.870488095,      -8.501418695,      -8.592409252,      -7.916726226,      -10.57112765
          0,           0,         570,      -8.533051951,      -7.873831089,      -8.506085239,      -8.596972359,      -7.920115107,      -10.57373963
          0,           0,         571,      -8.536435372,      -7.877174751,      -8.510748926,      -8.601532655,      -7.923503932,      -10.57634916
          0,           0,         572,      -8.539819046,      -7.880519066,       -8.51540994,        -8.6060902,      -7.926892634,      -10.57895618
          0,           0,         573,       -8.54320288,      -7.883864004,      -8.520068376,      -8.610644955,      -7.930281136,      -10.58156065
          0,           0,         574,       -8.54658677,      -7.887209517,      -8.524724274,      -8.615196793,      -7.933669353,      -10.58416251
          0,           0,         575,      -8.549970625,      -7.890555546,       -8.52937762,      -8.619745466,      -7.937057199,      -10.58676171
          0,           0,         576,      -8.553354353,      -7.893902057,      -8.534028233,      -8.624290654,      -7.940444604,       -10.5893582
          0,           0,         577,       -8.55673791,       -7.89724903,      -8.538675983,      -8.628832047,      -7.943831539,      -10.59195192
          0,           0,         578,      -8.560121265,      -7.900596425,      -8.543320694,      -8.633369369,      -7.947217984,      -10.59454282
          0,           0,         579,      -8.563504375,      -7.903944185,      -8.547962186,      -8.637902378,      -7.950603893,      -10.59713084
          0,           0,         580,       -8.56688719,      -7.907292264,      -8.552600307,      -8.642430883,      -7.953989214,      -10.59971594
          0,           0,         581,      -8.570269668,      -7.910640628,      -8.557234933,      -8.646954764,      -7.957373904,      -10.60229801
          0,           0,         582,      -8.573651784,      -7.913989263,      -8.561866037,      -8.651474043,       -7.96075793,      -10.60487705
          0,           0,         583,      -8.577033531,      -7.917338148,      -8.566493532,      -8.655988773,      -7.964141281,      -10.60745301
          0,           0,         584,      -8.580414945,      -7.920687265,      -8.571117288,      -8.660499076,      -7.967523997,      -10.61002581
          0,           0,         585,       -8.58379602,      -7.924036584,       -8.57573719,      -8.665005054,      -7.970906077,      -10.61259539
          0,           0,         586,      -8.587176701,      -7.927386062,       -8.58035315,      -8.669506694,      -7.974287473,      -10.61516167
          0,           0,         587,      -8.590556914,      -7.930735643,      -8.584965072,      -8.674003826,      -7.977668112,      -10.61772461
          0,           0,         588,      -8.593936581,       -7.93408526,      -8.589572813,      -8.678496139,      -7.981047918,      -10.62028415
          0,           0,         589,      -8.597315635,      -7.937434875,      -8.594176164,      -8.682983198,      -7.984426821,      -10.62284026
          0,           0,         590,      -8.600693986,      -7.940784406,      -8.598774832,      -8.687464441,      -7.987804735,      -10.62539286
          0,           0,         591,      -8.604071539,      -7.944133773,      -8.603368443,      -8.691939184,      -7.991181565,      -10.62794187
          0,           0,         592,      -8.607448195,      -7.947482903,       -8.60795655,      -8.696406587,      -7.994557206,      -10.63048721
          0,           0,         593,      -8.610823883,      -7.950831731,       -8.61253864,      -8.700865679,      -7.997931578,      -10.63302882
          0,           0,         594,      -8.614198561,        -7.9541802,      -8.617114162,      -8.705315389,      -8.001304627,      -10.63556664
          0,           0,         595,      -8.617572198,       -7.95752826,      -8.621682543,      -8.709754578,      -8.004676308,      -10.63810061
          0,           0,         596,       -8.62094478,      -7.960875872,      -8.626243213,       -8.71418208,      -8.008046591,      -10.64063065
          0,           0,         597,      -8.624316312,      -7.964223007,      -8.630795592,      -8.718596757,      -8.011415467,      -10.64315671
          0,           0,         598,      -8.627686809,      -7.967569647,      -8.635339121,      -8.722997508,      -8.014782935,      -10.64567871
          0,           0,         599,      -8.631056294,      -7.970915781,      -8.639873267,      -8.727383295,      -8.018149005,      -10.64819659
          0,           0,         600,      -8.634424812,      -7.974261412,      -8.644397533,      -8.731753187,       -8.02151371,      -10.65071028
          0,           0,         601,      -8.637792425,      -7.977606552,       -8.64891147,      -8.736106374,      -8.024877102,      -10.65321971
          0,           0,         602,       -8.64115921,       -7.98095122,      -8.653414676,      -8.740442172,      -8.028239253,      -10.65572481
          0,           0,         603,       -8.64452525,      -7.984295448,      -8.657906803,      -8.744760035,      -8.031600241,      -10.65822551
          0,           0,         604,      -8.647890636,      -7.987639273,      -8.662387562,      -8.749059561,      -8.034960151,      -10.66072173
          0,           0,         605,      -8.651255458,      -7.990982741,      -8.666856728,      -8.753340504,      -8.038319077,      -10.66321341
          0,           0,         606,       -8.65461982,      -7.994325907,      -8.671314148,      -8.757602766,      -8.041677119,      -10.66570048
          0,           0,         607,      -8.657983815,      -7.997668829,      -8.675759724,      -8.761846428,      -8.045034371,      -10.66818286
          0,           0,         608,      -8.661347533,      -8.001011576,       -8.68019342,       -8.76607168,      -8.048390928,      -10.67066048
          0,           0,         609,      -8.664711067,      -8.004354216,       -8.68461523,      -8.770278794,      -8.051746882,      -10.67313328
          0,           0,         610,      -8.668074517,      -8.007696825,      -8.689025376,      -8.774468341,      -8.055102337,      -10.67560117
          0,           0,         611,      -8.671437984,      -8.011039483,      -8.693423999,      -8.778640928,      -8.058457398,      -10.67806409
          0,           0,         612,      -8.674801554,      -8.014382268,       -8.69781129,      -8.782797277,      -8.061812155,      -10.68052197
          0,           0,         613,      -8.678165308,      -8.017725258,       -8.70218751,      -8.786938179,      -8.065166696,      -10.68297474
          0,           0,         614,      -8.681529322,      -8.021068527,      -8.706552974,      -8.791064466,      -8.068521103,      -10.68542232
          0,           0,         615,      -8.684893665,      -8.024412148,      -8.710908028,      -8.795176996,      -8.071875452,      -10.68786465
          0,           0,         616,      -8.688258396,      -8.027756186,      -8.715253037,      -8.799276637,      -8.075229809,      -10.69030166
          0,           0,         617,      -8.691623568,      -8.031100709,      -8.719588377,      -8.803364282,      -8.078584239,      -10.69273328
          0,           0,         618,      -8.694989263,      -8.034445806,      -8.723914478,      -8.807440903,      -8.081938831,      -10.69515944
